Label,S1,S2,S3,S4,S5,S6,S7
0,22.92101302,21.20262792,27.67375,40.738125,4.424387216,15.63822266,61.70987822
0,22.90211237,21.16017386,27.67375,40.738125,4.482809543,15.63822266,61.73164224
0,22.88321172,21.11776712,27.67375,40.738125,4.54123187,15.63822266,61.75341787
0,22.86431107,21.07540767,27.67375,40.738125,4.599654196,15.63822266,61.77520636
0,22.84541043,21.03309554,27.67375,40.738125,4.658076523,15.63822266,61.7970076
0,22.82650978,20.99083071,27.67375,40.738125,4.71649885,15.63822266,61.81882185
0,22.80760913,20.94861319,27.67375,40.738125,4.774921177,15.63822266,61.84064914
0,22.78870848,20.90644298,27.67375,40.738125,4.833343504,15.63822266,61.86248898
0,22.76980784,20.86432008,27.67375,40.738125,4.89176583,15.63822266,61.88434308
0,22.75090719,20.82224448,27.67375,40.738125,4.950188157,15.63822266,61.90621379
0,22.73200654,20.78021619,27.67375,40.738125,5.008610484,15.63822266,61.92810164
0,22.71310589,20.73823521,27.67375,40.738125,5.067032811,15.63822266,61.95000778
0,22.69420525,20.69630154,27.67375,40.738125,5.125455138,15.63822266,61.97193123
0,22.6753046,20.65441517,27.67375,40.738125,5.183877464,15.63822266,61.99386957
0,22.65640395,20.61257611,27.67375,40.738125,5.242299791,15.63822266,62.01582265
0,22.6375033,20.57078436,27.67375,40.738125,5.300722118,15.63822266,62.03778951
0,22.61860266,20.52903991,27.67375,40.738125,5.359144445,15.63822266,62.0597699
0,22.59970201,20.48734277,27.67375,40.738125,5.417566772,15.63822266,62.08176456
0,22.58080136,20.44569294,28.68125,42.304375,5.475989098,15.63822266,62.10377198
0,22.56190071,20.40409042,28.68125,42.304375,5.534411425,15.63822266,62.12579068
0,22.54300007,20.3625352,28.68125,42.304375,5.592833752,15.63822266,62.14782265
0,22.52409942,20.32102729,28.68125,42.304375,5.651256079,15.63822266,62.16987046
0,22.50519877,20.27956669,28.68125,42.304375,5.709678406,15.63822266,62.19193526
0,22.48629812,20.2381534,28.68125,42.304375,5.768100732,15.63822266,62.21401949
0,22.46739748,20.19678741,28.68125,42.304375,5.826523059,15.63822266,62.23612236
0,22.44849683,20.15546874,28.68125,42.304375,5.884945386,15.63822266,62.25824157
0,22.42959618,20.11419736,28.68125,42.304375,5.943367713,15.63822266,62.28037868
0,22.41069553,20.0729733,28.68125,42.304375,6.00179004,15.63822266,62.30253452
0,22.39179488,20.03179654,28.68125,42.304375,6.060212366,15.63822266,62.32470804
0,22.37289424,19.99066709,28.68125,42.304375,6.118634693,15.63822266,62.34689882
0,22.35399359,19.94958495,28.68125,42.304375,6.17705702,15.63822266,62.36910566
0,22.33509294,19.90855012,28.68125,42.304375,6.235479347,15.63822266,62.39132663
0,22.31619229,19.86756259,28.68125,42.304375,6.293901673,15.63822266,62.41356255
0,22.29729165,19.82662237,28.68125,42.304375,6.352324,15.63822266,62.43581486
0,22.278391,19.78572946,11.2975,31.38625,6.410746327,15.63822266,62.45808262
0,22.25949035,19.74488385,11.2975,31.38625,6.469168654,15.63822266,62.48036557
0,22.2405897,19.70408556,11.2975,4.30625,6.527590981,15.63822266,62.50266345
0,22.22168906,19.66333457,11.2975,4.30625,6.586013307,15.63822266,62.52497525
0,22.20278841,19.62263088,11.2975,17.84625,6.644435634,15.63822266,62.5473011
0,22.18388776,19.58197451,11.2975,17.84625,6.702857961,15.63822266,62.56964121
0,22.16498711,19.54136544,11.2975,17.84625,6.761280288,15.63822266,62.59199449
0,22.14608647,19.50080368,11.2975,17.84625,6.819702615,15.63822266,62.61435986
0,22.12718582,19.46028923,11.2975,17.84625,6.878124941,15.63822266,62.6367367
0,22.10828517,19.41982208,11.2975,17.84625,6.936547268,15.63822266,62.65912403
0,22.08938452,19.37940224,11.2975,17.84625,6.994969595,15.63822266,62.68152346
0,22.07048388,19.33902971,11.2975,17.84625,7.053391922,15.63822266,62.70393778
0,22.05158323,19.29870449,11.2975,17.84625,7.111814249,15.63822266,62.72636786
0,22.03268258,19.25842657,11.2975,17.84625,7.170236575,15.63822266,62.74881553
0,22.01378193,19.21819596,11.2975,17.84625,7.228658902,15.63822266,62.7712812
0,21.99488129,19.17801266,11.2975,17.84625,7.287081229,15.63822266,62.79376415
0,21.97598064,19.13787667,8.2346875,12.8359375,7.345503556,15.63822266,62.81626646
0,21.95707999,19.09778798,8.2346875,12.8359375,7.403925883,15.63822266,62.83879002
0,21.93817934,19.0577466,8.2346875,12.8359375,7.462348209,15.63822266,62.8613336
0,21.9192787,19.01775253,8.2346875,12.8359375,7.520770536,15.63822266,62.88389575
0,21.90037805,18.97780577,8.2346875,12.8359375,7.579192863,15.63822266,62.90647591
0,21.8814774,18.93790631,8.2346875,12.8359375,7.63761519,15.63822266,62.92907235
0,21.86257675,18.89805416,8.2346875,12.8359375,7.696037517,15.63822266,62.95168664
0,21.8436761,18.85824932,8.2346875,12.8359375,7.754459843,15.63822266,62.97432166
0,21.82477546,18.81849178,8.2346875,12.8359375,7.81288217,15.63822266,62.99697676
0,21.80587481,18.77878155,8.2346875,12.8359375,7.871304497,15.63822266,63.01965208
0,21.78697416,18.73911863,8.2346875,12.8359375,7.929726824,15.63822266,63.04234637
0,21.76807351,18.69950302,8.2346875,12.8359375,7.988149151,15.63822266,63.06505657
0,21.74917287,18.65993472,8.2346875,12.8359375,8.046571477,15.63822266,63.08778211
0,21.73027222,18.62041372,8.2346875,12.8359375,8.104993804,15.63822266,63.11052189
0,21.71137157,18.58094003,8.2346875,12.8359375,8.163416131,15.63822266,63.13327431
0,21.69247092,18.54151364,8.2346875,12.8359375,8.221838458,15.63822266,63.15603855
0,21.67357028,18.50213457,8.2346875,12.8359375,8.280260785,15.63822266,63.17881227
0,21.65466963,18.4628028,8.2346875,12.8359375,8.338683111,15.63822266,63.20159283
0,21.63576898,18.42351834,8.2346875,12.8359375,8.397105438,15.63822266,63.2243813
0,21.61686833,18.38428119,8.2346875,12.8359375,8.455527765,15.63822266,63.24717958
0,21.59796769,18.34509134,8.2346875,12.8359375,8.513950092,15.63822266,63.26998752
0,21.57906704,18.3059488,8.2346875,12.8359375,8.572372418,15.63822266,63.29280624
0,21.56016639,18.26685357,8.2346875,12.8359375,8.630794745,15.63822266,63.31563384
0,21.54126574,18.22780564,8.2346875,12.8359375,8.689217072,15.63822266,63.33846664
0,21.5223651,18.18880503,8.2346875,12.8359375,8.747639399,15.63822266,63.36130493
0,21.50346445,18.14985172,8.2346875,12.8359375,8.806061726,15.63822266,63.38414828
0,21.4845638,18.11094572,8.2346875,12.8359375,8.864484052,15.63822266,63.40699619
0,21.46566315,18.07208702,8.2346875,12.8359375,8.922906379,15.63822266,63.4298496
0,21.44676251,18.03327563,8.2346875,12.8359375,8.981328706,15.63822266,63.45270757
0,21.42786186,17.99451156,8.2346875,12.8359375,9.039751033,15.63822266,63.47556916
0,21.40896121,17.95579478,8.2346875,12.8359375,9.09817336,15.63822266,63.49843484
0,21.39006056,17.91712532,8.2346875,12.8359375,9.156595686,15.63822266,63.5213048
0,21.37115992,17.87850316,8.2346875,12.8359375,9.215018013,15.63822266,63.54417924
0,21.35225927,17.83992831,8.2346875,12.8359375,9.27344034,15.63822266,63.56705881
0,21.33335862,17.80140077,8.2346875,12.8359375,9.331862667,15.63822266,63.58994143
0,21.31445797,17.76292053,8.2346875,12.8359375,9.390284994,15.63822266,63.61282404
0,21.29555732,17.7244876,8.2346875,12.8359375,9.44870732,15.63822266,63.6357055
0,21.27665668,17.68610198,8.2346875,12.8359375,9.507129647,15.63822266,63.65858375
0,21.25775603,17.64776367,8.2346875,12.8359375,9.565551974,15.63822266,63.68145838
0,21.23885538,17.60947266,8.2346875,12.8359375,9.623974301,15.63822266,63.70433027
0,21.21995473,17.57122896,8.2346875,12.8359375,9.682396628,15.63822266,63.72719749
0,21.20105409,17.53303257,8.2346875,12.8359375,9.740818954,15.63822266,63.75005845
0,21.18215344,17.49488349,8.2346875,12.8359375,9.799241281,15.63822266,63.77291509
0,21.16325279,17.45678171,8.2346875,12.8359375,9.857663608,15.63822266,63.79576981
0,21.14435214,17.41872724,8.2346875,12.8359375,9.916085935,15.63822266,63.81862413
0,21.1254515,17.38072008,8.2346875,12.8359375,9.974508262,15.63822266,63.84148098
0,21.10655085,17.34276023,8.2346875,12.8359375,10.03293059,15.63822266,63.86433993
0,21.0876502,17.30484768,8.2346875,12.8359375,10.09135292,15.63822266,63.88719924
0,21.06874955,17.26698244,8.2346875,12.8359375,10.14977524,15.63822266,63.91006123
0,21.04984891,17.22916451,8.2346875,12.8359375,10.20819757,15.63822266,63.93292759
0,21.03094826,17.19139389,8.2346875,12.8359375,10.2666199,15.63822266,63.95579764
0,21.01204761,17.15367057,8.2346875,12.8359375,10.32504222,15.63822266,63.97867117
0,20.99314696,17.11599456,8.2346875,12.8359375,10.38346455,15.63822266,64.00154776
0,20.97424632,17.07836586,8.2346875,12.8359375,10.44188688,15.63822266,64.02442606
0,20.95534567,17.04078446,8.2346875,12.8359375,10.5003092,15.63822266,64.04730827
0,20.93644502,17.00325037,8.2346875,12.8359375,10.55873153,15.63822266,64.07019769
0,20.91754437,16.96576359,8.2346875,12.8359375,10.61715386,15.63822266,64.09309452
0,20.89864373,16.92832412,8.2346875,12.8359375,10.67557618,15.63822266,64.11599992
0,20.87974308,16.89093195,8.2346875,12.8359375,10.73399851,15.63822266,64.13891197
0,20.86084243,16.8535871,8.2346875,12.8359375,10.79242084,15.63822266,64.16182642
0,20.84194178,16.81628955,8.2346875,12.8359375,10.85084316,15.63822266,64.18474254
0,20.82304113,16.7790393,8.2346875,12.8359375,10.90926549,15.63822266,64.20765842
0,20.80414049,16.74183637,8.2346875,12.8359375,10.96768782,15.63822266,64.23057297
0,20.78523984,16.70468074,8.2346875,12.8359375,11.02611014,15.63822266,64.25348656
0,20.76633919,16.66757242,6.702460938,8.142148438,11.08453247,15.63822266,64.27639631
0,20.74743854,16.6305114,6.702460938,8.142148438,11.1429548,15.63822266,64.29929923
0,20.7285379,16.5934977,6.702460938,8.142148438,11.20137712,15.63822266,64.32219768
0,20.70963725,16.5565313,6.702460938,8.142148438,11.25979945,15.63822266,64.34509486
0,20.6907366,16.51961221,6.702460938,8.142148438,11.31822178,15.63822266,64.36799178
0,20.67183595,16.48274042,6.702460938,8.142148438,11.3766441,15.63822266,64.39089132
0,20.65293531,16.44591594,6.702460938,8.142148438,11.43506643,15.63822266,64.41379154
0,20.63403466,16.40913877,6.702460938,8.142148438,11.49348876,15.63822266,64.43668812
0,20.61513401,16.37240891,6.702460938,8.142148438,11.55191109,15.63822266,64.45958262
0,20.59623336,16.33572636,6.702460938,8.142148438,11.61033341,15.63822266,64.48247546
0,20.57733272,16.29909111,6.702460938,8.142148438,11.66875574,15.63822266,64.50536634
0,20.55843207,16.26250317,6.702460938,8.142148438,11.72717807,15.63822266,64.52825677
0,20.53953142,16.22596254,6.702460938,8.142148438,11.78560039,15.63822266,64.55114592
0,20.52063077,16.18946921,6.702460938,8.142148438,11.84402272,15.63822266,64.57403268
0,20.50173013,16.15302319,6.702460938,8.142148438,11.90244505,15.63822266,64.59691864
0,20.48282948,16.11662448,6.702460938,8.142148438,11.96086737,15.63822266,64.61980539
0,20.46392883,16.08027308,6.702460938,8.142148438,12.0192897,15.63822266,64.64269358
0,20.44502818,16.04396899,6.702460938,8.142148438,12.07771203,15.63822266,64.66558461
0,20.42612754,16.0077122,6.702460938,8.142148438,12.13613435,15.63822266,64.6884772
0,20.40722689,15.97150272,6.702460938,8.142148438,12.19455668,15.63822266,64.71136879
0,20.38832624,15.93534054,6.702460938,8.142148438,12.25297901,15.63822266,64.73425928
0,20.36942559,15.89922568,6.702460938,8.142148438,12.31140133,15.63822266,64.75714774
0,20.35052495,15.86315812,6.702460938,8.142148438,12.36982366,15.63822266,64.78003436
0,20.3316243,15.82713787,6.702460938,8.142148438,12.42824599,15.63822266,64.80292063
0,20.31272365,15.79116492,6.702460938,8.142148438,12.48666831,15.63822266,64.82580551
0,20.293823,15.75523929,6.702460938,8.142148438,12.54509064,15.63822266,64.84868817
0,20.27492235,15.71936096,6.702460938,8.142148438,12.60351297,15.63822266,64.87156984
0,20.25602171,15.68352994,6.702460938,8.142148438,12.66193529,15.63822266,64.89445162
0,20.23712106,15.64774622,6.702460938,8.142148438,12.72035762,15.63822266,64.91733443
0,18.21475177,12.09223087,6.702460938,8.142148438,18.97154659,15.63822266,67.36637455
0,18.19585112,12.06155635,6.702460938,8.142148438,19.02996891,15.63822266,67.38925545
0,18.17695047,12.03092914,6.702460938,8.142148438,19.08839124,15.63822266,67.41213976
0,18.15804982,12.00034924,6.702460938,8.142148438,19.14681357,15.63822266,67.43502603
0,18.13914918,11.96981664,6.702460938,8.142148438,19.2052359,15.63822266,67.45791223
0,18.12024853,11.93933136,6.702460938,8.142148438,19.26365822,15.63822266,67.4807972
0,18.10134788,11.90889338,6.702460938,8.142148438,19.32208055,15.63822266,67.50367907
0,18.08244723,11.87850271,6.702460938,8.142148438,19.38050288,15.63822266,67.52655728
0,18.06354659,11.84815934,6.702460938,8.142148438,19.4389252,15.63822266,67.54943202
0,18.04464594,11.81786328,6.702460938,8.142148438,19.49734753,15.63822266,67.57230138
0,18.02574529,11.78761453,6.702460938,8.142148438,19.55576986,15.63822266,67.59516362
0,18.00684464,11.75741309,6.702460938,8.142148438,19.61419218,15.63822266,67.61801887
0,17.987944,11.72725896,6.702460938,8.142148438,19.67261451,15.63822266,67.6408672
0,17.96904335,11.69715213,6.702460938,8.142148438,19.73103684,15.63822266,67.66370834
0,17.9501427,11.66709261,6.702460938,8.142148438,19.78945916,15.63822266,67.68654268
0,17.93124205,11.63708039,6.702460938,8.142148438,19.84788149,15.63822266,67.70936836
0,17.91234141,11.60711549,6.702460938,8.142148438,19.90630382,15.63822266,67.73218266
0,17.89344076,11.57719789,6.702460938,8.142148438,19.96472614,15.63822266,67.75498507
0,17.87454011,11.5473276,6.702460938,8.142148438,20.02314847,15.63822266,67.7777745
0,17.85563946,11.51750462,6.702460938,8.142148438,20.0815708,15.63822266,67.8005512
0,17.83673882,11.48772894,6.702460938,8.142148438,20.13999312,15.63822266,67.82331682
0,17.81783817,11.45800057,6.702460938,8.142148438,20.19841545,15.63822266,67.84607098
0,17.79893752,11.42831951,6.702460938,8.142148438,20.25683778,15.63822266,67.86881382
0,17.78003687,11.39868575,6.702460938,8.142148438,20.3152601,15.63822266,67.8915454
0,17.76113623,11.36909931,6.702460938,8.142148438,20.37368243,15.63822266,67.91426504
0,17.74223558,11.33956017,6.702460938,8.142148438,20.43210476,15.63822266,67.93697354
0,17.72333493,11.31006834,6.702460938,8.142148438,20.49052708,15.63822266,67.95967183
0,17.70443428,11.28062381,6.702460938,8.142148438,20.54894941,15.63822266,67.98235781
0,17.68553364,11.2512266,6.702460938,8.142148438,20.60737174,15.63822266,68.00502876
0,17.66663299,11.22187669,6.702460938,8.142148438,20.66579407,15.63822266,68.02768337
0,17.64773234,11.19257408,6.702460938,8.142148438,20.72421639,15.63822266,68.05031927
0,17.62883169,11.16331879,6.702460938,8.142148438,20.78263872,15.63822266,68.07293663
0,17.60993104,11.1341108,6.702460938,8.142148438,20.84106105,15.63822266,68.09553695
0,17.5910304,11.10495012,6.702460938,8.142148438,20.89948337,15.63822266,68.11811846
0,17.57212975,11.07583675,6.702460938,8.142148438,20.9579057,15.63822266,68.14067996
0,17.5532291,11.04677068,6.702460938,8.142148438,21.01632803,15.63822266,68.16322235
0,17.53432845,11.01775192,6.702460938,8.142148438,21.07475035,15.63822266,68.18574622
0,17.51542781,10.98878047,6.702460938,8.142148438,21.13317268,15.63822266,68.20825246
0,17.49652716,10.95985633,6.702460938,8.142148438,21.19159501,15.63822266,68.23074281
0,17.47762651,10.93097949,6.702460938,8.142148438,21.25001733,15.63822266,68.25321632
0,17.45872586,10.90214997,6.702460938,8.142148438,21.30843966,15.63822266,68.27567136
0,17.43982522,10.87336775,6.702460938,8.142148438,21.36686199,15.63822266,68.2981088
0,17.42092457,10.84463283,6.702460938,8.142148438,21.42528431,15.63822266,68.32052898
0,17.40202392,10.81594523,6.702460938,8.142148438,21.48370664,15.63822266,68.34293161
0,17.38312327,10.78730493,6.702460938,8.142148438,21.54212897,15.63822266,68.36531705
0,17.36422263,10.75871194,6.702460938,8.142148438,21.60055129,15.63822266,68.38768483
0,17.34532198,10.73016625,6.702460938,8.142148438,21.65897362,15.63822266,68.41003423
0,17.32642133,10.70166787,6.702460938,8.142148438,21.71739595,15.63822266,68.43236619
0,17.30752068,10.67321681,6.702460938,8.142148438,21.77581827,15.63822266,68.45468195
0,17.28862004,10.64481304,6.702460938,8.142148438,21.8342406,15.63822266,68.47698168
0,17.26971939,10.61645659,6.702460938,8.142148438,21.89266293,15.63822266,68.49926603
0,17.25081874,10.58814744,6.702460938,8.142148438,21.95108525,15.63822266,68.52153318
0,17.23191809,10.5598856,6.702460938,8.142148438,22.00950758,15.63822266,68.54377996
0,17.21301745,10.53167107,6.702460938,8.142148438,22.06792991,15.63822266,68.56600534
0,17.1941168,10.50350384,6.702460938,8.142148438,22.12635223,15.63822266,68.58820733
0,17.17521615,10.47538393,6.702460938,8.142148438,22.18477456,15.63822266,68.61038512
0,17.1563155,10.44731132,6.702460938,8.142148438,22.24319689,15.63822266,68.63253898
0,17.13741486,10.41928601,6.702460938,8.142148438,22.30161922,15.63822266,68.65466654
0,17.11851421,10.39130802,6.702460938,8.142148438,22.36004154,15.63822266,68.67676552
0,17.09961356,10.36337733,6.702460938,8.142148438,22.41846387,15.63822266,68.69883703
0,17.08071291,10.33549395,6.702460938,8.142148438,22.4768862,15.63822266,68.72088247
0,17.06181226,10.30765788,6.702460938,8.142148438,22.53530852,15.63822266,68.74290217
0,17.04291162,10.27986911,6.702460938,8.142148438,22.59373085,15.63822266,68.76489763
0,17.02401097,10.25212765,6.702460938,8.142148438,22.65215318,15.63822266,68.78686707
0,17.00511032,10.2244335,6.702460938,8.142148438,22.7105755,15.63822266,68.80880723
0,16.98620967,10.19678666,6.702460938,8.142148438,22.76899783,15.63822266,68.83071858
0,16.96730903,10.16918712,6.702460938,8.142148438,22.82742016,15.63822266,68.85260084
0,16.94840838,10.14163489,6.702460938,8.142148438,22.88584248,15.63822266,68.87445454
0,16.92950773,10.11412997,6.702460938,8.142148438,22.94426481,15.63822266,68.89628194
0,16.91060708,10.08667236,6.702460938,8.142148438,23.00268714,15.63822266,68.91808298
0,16.89170644,10.05926205,6.702460938,8.142148438,23.06110946,15.63822266,68.93985795
0,16.87280579,10.03189905,6.702460938,8.142148438,23.11953179,15.63822266,68.96160803
0,16.85390514,10.00458336,6.702460938,8.142148438,23.17795412,15.63822266,68.98333386
0,16.83500449,9.977314973,6.702460938,8.142148438,23.23637644,15.63822266,69.00503697
0,16.81610385,9.950093895,6.702460938,8.142148438,23.29479877,15.63822266,69.02671926
0,16.7972032,9.922920125,6.702460938,8.142148438,23.3532211,15.63822266,69.0483794
0,16.77830255,9.895793663,6.702460938,8.142148438,23.41164342,15.63822266,69.07001519
0,16.7594019,9.868714508,6.702460938,8.142148438,23.47006575,15.63822266,69.09162641
0,16.74050126,9.84168266,6.702460938,8.142148438,23.52848808,15.63822266,69.11321176
0,16.72160061,9.81469812,6.702460938,8.142148438,23.5869104,15.63822266,69.13477238
0,16.70269996,9.787760887,6.702460938,8.142148438,23.64533273,15.63822266,69.15631092
0,16.68379931,9.760870961,6.702460938,8.142148438,23.70375506,15.63822266,69.17782667
0,16.66489867,9.734028343,6.702460938,8.142148438,23.76217739,15.63822266,69.19931948
0,16.64599802,9.707233032,6.702460938,8.142148438,23.82059971,15.63822266,69.22078963
0,16.62709737,9.680485029,6.702460938,8.142148438,23.87902204,15.63822266,69.24223635
0,16.60819672,9.653784333,6.702460938,8.142148438,23.93744437,15.63822266,69.26366017
0,16.58929607,9.627130944,6.702460938,8.142148438,23.99586669,15.63822266,69.28506179
0,16.57039543,9.600524863,6.702460938,8.142148438,24.05428902,15.63822266,69.30644047
0,16.55149478,9.573966089,6.702460938,8.142148438,24.11271135,15.63822266,69.32779554
0,16.53259413,9.547454623,6.702460938,8.142148438,24.17113367,15.63822266,69.34912673
0,16.51369348,9.520990464,6.702460938,8.142148438,24.229556,15.63822266,69.37043334
0,16.49479284,9.494573612,6.702460938,8.142148438,24.28797833,15.63822266,69.39171661
0,16.47589219,9.468204068,6.702460938,8.142148438,24.34640065,15.63822266,69.41297862
0,16.45699154,9.441881831,6.702460938,8.142148438,24.40482298,15.63822266,69.43421987
0,16.43809089,9.415606901,6.702460938,8.142148438,24.46324531,15.63822266,69.45544154
0,16.41919025,9.389379279,6.702460938,8.142148438,24.52166763,15.63822266,69.47664376
0,16.4002896,9.363198965,6.702460938,8.142148438,24.58008996,15.63822266,69.49782579
0,16.38138895,9.337065957,6.702460938,8.142148438,24.63851229,15.63822266,69.51898881
0,16.3624883,9.310980257,6.702460938,8.142148438,24.69693461,15.63822266,69.54013382
0,16.34358766,9.284941865,6.702460938,8.142148438,24.75535694,15.63822266,69.56125877
0,16.32468701,9.25895078,6.702460938,8.142148438,24.81377927,15.63822266,69.58236109
0,16.30578636,9.233007002,6.702460938,8.142148438,24.87220159,15.63822266,69.60343915
0,16.28688571,9.207110531,6.702460938,8.142148438,24.93062392,15.63822266,69.62449015
0,16.26798507,9.181261368,6.702460938,8.142148438,24.98904625,15.63822266,69.64551396
0,16.24908442,9.155459513,6.702460938,8.142148438,25.04746857,15.63822266,69.66651161
0,15.36075398,7.996135031,7.414140625,4.078574219,27.79331793,14.11769531,70.61852414
0,15.34185333,7.97260393,7.414140625,4.078574219,27.85174026,14.11769531,70.63813617
0,15.32295269,7.949120136,7.414140625,4.078574219,27.91016259,14.11769531,70.65772423
0,15.30405204,7.92568365,7.414140625,4.078574219,27.96858491,14.11769531,70.67728678
0,15.28515139,7.902294471,7.414140625,4.078574219,28.02700724,14.11769531,70.69682606
0,15.26625074,7.878952599,7.414140625,4.078574219,28.08542957,14.11769531,70.71634456
0,15.2473501,7.855658035,7.414140625,4.078574219,28.14385189,14.11769531,70.73584378
0,15.22844945,7.832410779,7.414140625,4.078574219,28.20227422,14.11769531,70.7553266
0,15.2095488,7.809210829,7.414140625,4.078574219,28.26069655,14.11769531,70.77479199
0,15.19064815,7.786058187,7.414140625,4.078574219,28.31911888,14.11769531,70.79423728
0,15.17174751,7.762952853,7.414140625,4.078574219,28.3775412,14.11769531,70.81366414
0,15.15284686,7.739894826,7.414140625,4.078574219,28.43596353,14.11769531,70.8330733
0,15.13394621,7.716884106,7.414140625,4.078574219,28.49438586,14.11769531,70.85246454
0,15.11504556,7.693920693,7.414140625,4.078574219,28.55280818,14.11769531,70.87183876
0,15.09614492,7.671004588,7.414140625,4.078574219,28.61123051,14.11769531,70.89119532
0,15.07724427,7.648135791,7.414140625,4.078574219,28.66965284,14.11769531,70.91053314
0,15.05834362,7.625314301,7.414140625,4.078574219,28.72807516,14.11769531,70.92985357
0,15.03944297,7.602540118,7.414140625,4.078574219,28.78649749,14.11769531,70.94915815
0,15.02054233,7.579813242,7.414140625,4.078574219,28.84491982,14.11769531,70.96844702
0,15.00164168,7.557133674,7.414140625,4.078574219,28.90334214,14.11769531,70.98772097
0,14.98274103,7.534501414,7.414140625,4.078574219,28.96176447,14.11769531,71.00697959
0,14.96384038,7.51191646,7.414140625,4.078574219,29.0201868,14.11769531,71.02622165
0,14.94493973,7.489378814,7.414140625,4.078574219,29.07860912,14.11769531,71.04544743
0,14.92603909,7.466888476,7.414140625,4.078574219,29.13703145,14.11769531,71.0646569
0,14.90713844,7.444445445,7.414140625,4.078574219,29.19545378,14.11769531,71.08384991
0,14.88823779,7.422049721,7.414140625,4.078574219,29.2538761,14.11769531,71.10302685
0,14.86933714,7.399701305,7.414140625,4.078574219,29.31229843,14.11769531,71.12218725
0,14.8504365,7.377400196,7.414140625,4.078574219,29.37072076,14.11769531,71.14133057
0,14.83153585,7.355146394,7.414140625,4.078574219,29.42914308,14.11769531,71.16045857
0,14.8126352,7.3329399,7.414140625,4.078574219,29.48756541,14.11769531,71.17957363
0,14.79373455,7.310780713,7.414140625,4.078574219,29.54598774,14.11769531,71.19867698
0,14.77483391,7.288668834,7.414140625,4.078574219,29.60441006,14.11769531,71.21777076
0,14.75593326,7.266604262,7.414140625,4.078574219,29.66283239,14.11769531,71.23685537
0,14.73703261,7.244586997,7.414140625,4.078574219,29.72125472,14.11769531,71.25593028
0,14.71813196,7.22261704,7.414140625,4.078574219,29.77967704,14.11769531,71.27499747
0,14.69923132,7.20069439,7.414140625,4.078574219,29.83809937,14.11769531,71.2940586
0,14.68033067,7.178819047,7.414140625,4.078574219,29.8965217,14.11769531,71.31311338
0,14.66143002,7.156991012,7.414140625,4.078574219,29.95494403,14.11769531,71.33216162
0,14.64252937,7.135210285,7.414140625,4.078574219,30.01336635,14.11769531,71.35120334
0,14.62362873,7.113476864,7.414140625,4.078574219,30.07178868,14.11769531,71.3702378
0,14.60472808,7.091790751,7.414140625,4.078574219,30.13021101,14.11769531,71.38926668
0,14.58582743,7.070151946,7.414140625,4.078574219,30.18863333,14.11769531,71.40829246
0,14.56692678,7.048560448,7.414140625,4.078574219,30.24705566,14.11769531,71.42731532
0,14.54802614,7.027016257,7.414140625,4.078574219,30.30547799,14.11769531,71.44633603
0,14.52912549,7.005519374,7.414140625,4.078574219,30.36390031,14.11769531,71.46535313
0,14.51022484,6.984069798,7.414140625,4.078574219,30.42232264,14.11769531,71.48436345
0,14.49132419,6.962667529,7.414140625,4.078574219,30.48074497,14.11769531,71.50336625
0,14.47242354,6.941312568,7.414140625,4.078574219,30.53916729,14.11769531,71.52235994
0,14.4535229,6.920004914,7.414140625,4.078574219,30.59758962,14.11769531,71.54134343
0,14.43462225,6.898744567,7.414140625,4.078574219,30.65601195,14.11769531,71.56031667
0,14.4157216,6.877531528,7.414140625,4.078574219,30.71443427,14.11769531,71.57927717
0,14.39682095,6.856365797,7.414140625,4.078574219,30.7728566,14.11769531,71.59822229
0,14.37792031,6.835247372,7.414140625,4.078574219,30.83127893,14.11769531,71.61715338
0,14.35901966,6.814176256,7.414140625,4.078574219,30.88970125,14.11769531,71.63607233
0,14.34011901,6.793152446,7.414140625,4.078574219,30.94812358,14.11769531,71.65497933
0,14.32121836,6.772175944,7.414140625,4.078574219,31.00654591,14.11769531,71.67387593
0,14.30231772,6.751246749,7.414140625,4.078574219,31.06496823,14.11769531,71.69276002
0,14.28341707,6.730364862,7.414140625,4.078574219,31.12339056,14.11769531,71.71162763
0,14.26451642,6.709530282,7.414140625,4.078574219,31.18181289,14.11769531,71.73047913
0,14.24561577,6.688743009,7.414140625,4.078574219,31.24023521,14.11769531,71.74931402
0,14.22671513,6.668003044,7.414140625,4.078574219,31.29865754,14.11769531,71.76813254
0,14.20781448,6.647310386,7.414140625,4.078574219,31.35707987,14.11769531,71.78693684
0,14.18891383,6.626665036,7.414140625,4.078574219,31.4155022,14.11769531,71.80572648
0,14.17001318,6.606066993,7.414140625,4.078574219,31.47392452,14.11769531,71.82450131
0,14.15111254,6.585516257,7.414140625,4.078574219,31.53234685,14.11769531,71.84326221
0,14.13221189,6.565012829,7.414140625,4.078574219,31.59076918,14.11769531,71.8620094
0,14.11331124,6.544556708,7.414140625,4.078574219,31.6491915,14.11769531,71.88074402
0,14.09441059,6.524147895,7.414140625,4.078574219,31.70761383,14.11769531,71.8994676
0,14.07550995,6.503786389,7.414140625,4.078574219,31.76603616,14.11769531,71.91817785
0,14.0566093,6.48347219,7.414140625,4.078574219,31.82445848,14.11769531,71.93687132
0,14.03770865,6.463205299,7.414140625,4.078574219,31.88288081,14.11769531,71.95554691
0,14.018808,6.442985715,7.414140625,4.078574219,31.94130314,14.11769531,71.97420216
0,13.99990736,6.422813438,7.414140625,4.078574219,31.99972546,14.11769531,71.99283739
0,13.98100671,6.402688469,7.414140625,4.078574219,32.05814779,14.11769531,72.0114547
0,13.96210606,6.382610807,7.414140625,4.078574219,32.11657012,14.11769531,72.0300521
0,13.94320541,6.362580453,7.414140625,4.078574219,32.17499244,14.11769531,72.04862822
0,13.92430476,6.342597406,7.414140625,4.078574219,32.23341477,14.11769531,72.06718556
0,13.90540412,6.322661666,7.414140625,4.078574219,32.2918371,14.11769531,72.08572677
0,13.88650347,6.302773234,7.414140625,4.078574219,32.35025942,14.11769531,72.10425404
0,13.86760282,6.282932109,7.414140625,4.078574219,32.40868175,14.11769531,72.12277112
0,13.84870217,6.263138292,7.414140625,4.078574219,32.46710408,14.11769531,72.14127766
0,13.82980153,6.243391782,7.414140625,4.078574219,32.5255264,14.11769531,72.15977192
0,13.81090088,6.223692579,7.414140625,4.078574219,32.58394873,14.11769531,72.1782567
0,13.79200023,6.204040684,7.414140625,4.078574219,32.64237106,14.11769531,72.19673399
0,13.77309958,6.184436096,7.414140625,4.078574219,32.70079338,14.11769531,72.21520368
0,13.75419894,6.164878816,7.414140625,4.078574219,32.75921571,14.11769531,72.23366643
0,13.73529829,6.145368842,7.414140625,4.078574219,32.81763804,14.11769531,72.25212222
0,13.71639764,6.125906177,7.414140625,4.078574219,32.87606037,14.11769531,72.2705702
0,13.69749699,6.106490818,7.414140625,4.078574219,32.93448269,14.11769531,72.28901315
0,13.67859635,6.087122767,7.414140625,4.078574219,32.99290502,14.11769531,72.3074548
0,13.6596957,6.067802024,7.414140625,4.078574219,33.05132735,14.11769531,72.32589601
0,13.64079505,6.048528588,7.414140625,4.078574219,33.10974967,14.11769531,72.34433862
0,13.6218944,6.029302459,7.414140625,4.078574219,33.168172,14.11769531,72.36278073
0,13.60299376,6.010123638,7.414140625,4.078574219,33.22659433,14.11769531,72.38121794
0,13.58409311,5.990992124,7.414140625,4.078574219,33.28501665,14.11769531,72.39964968
0,13.56519246,5.971907917,7.414140625,4.078574219,33.34343898,14.11769531,72.41807403
0,13.54629181,5.952871018,7.414140625,4.078574219,33.40186131,14.11769531,72.43649027
0,13.52739117,5.933881426,7.414140625,4.078574219,33.46028363,14.11769531,72.45489952
0,13.50849052,5.914939141,4.473046875,4.078574219,33.51870596,14.11769531,72.47329884
0,13.48958987,5.896044164,4.473046875,4.078574219,33.57712829,14.11769531,72.49168535
0,13.47068922,5.877196495,4.473046875,4.078574219,33.63555061,14.11769531,72.51006206
0,13.45178858,5.858396132,4.473046875,4.078574219,33.69397294,14.11769531,72.52843282
0,13.43288793,5.839643077,4.473046875,4.078574219,33.75239527,14.11769531,72.54679921
0,13.41398728,5.82093733,4.473046875,4.078574219,33.81081759,14.11769531,72.56516492
0,13.39508663,5.80227889,4.473046875,4.078574219,33.86923992,14.11769531,72.5835281
0,13.37618598,5.783667757,4.473046875,4.078574219,33.92766225,14.11769531,72.60188432
0,13.35728534,5.765103932,4.473046875,4.078574219,33.98608457,14.11769531,72.62023567
0,13.33838469,5.746587414,4.473046875,4.078574219,34.0445069,14.11769531,72.63858299
0,13.31948404,5.728118203,4.473046875,4.078574219,34.10292923,14.11769531,72.65692519
0,13.30058339,5.7096963,4.473046875,4.078574219,34.16135155,14.11769531,72.67526277
0,13.28168275,5.691321704,4.473046875,4.078574219,34.21977388,14.11769531,72.69359421
0,13.2627821,5.672994416,4.473046875,4.078574219,34.27819621,14.11769531,72.71191717
0,13.24388145,5.654714435,4.473046875,4.078574219,34.33661853,14.11769531,72.73023312
0,13.2249808,5.636481761,4.473046875,4.078574219,34.39504086,14.11769531,72.74854397
0,13.20608016,5.618296395,4.473046875,4.078574219,34.45346319,14.11769531,72.76684922
0,13.18717951,5.600158336,4.473046875,4.078574219,34.51188552,14.11769531,72.78514931
0,13.16827886,5.582067584,4.473046875,4.078574219,34.57030784,14.11769531,72.80344307
0,13.14937821,5.56402414,4.473046875,4.078574219,34.62873017,14.11769531,72.82172801
0,13.13047757,5.546028004,4.473046875,4.078574219,34.6871525,14.11769531,72.84000394
0,13.11157692,5.528079174,4.473046875,4.078574219,34.74557482,14.11769531,72.85827024
0,13.09267627,5.510177652,4.473046875,4.078574219,34.80399715,14.11769531,72.87652591
0,13.07377562,5.492323438,4.473046875,4.078574219,34.86241948,14.11769531,72.89477071
0,13.05487498,5.474516531,4.473046875,4.078574219,34.9208418,14.11769531,72.91300324
0,13.03597433,5.456756931,4.473046875,4.078574219,34.97926413,14.11769531,72.93122194
0,13.01707368,5.439044638,4.473046875,4.078574219,35.03768646,14.11769531,72.94942856
0,12.99817303,5.421379653,4.473046875,4.078574219,35.09610878,14.11769531,72.96762574
0,12.97927239,5.403761976,4.473046875,4.078574219,35.15453111,14.11769531,72.9858144
0,12.96037174,5.386191606,4.473046875,4.078574219,35.21295344,14.11769531,73.00399671
0,12.94147109,5.368668543,4.473046875,4.078574219,35.27137576,14.11769531,73.02217242
0,12.92257044,5.351192787,4.473046875,4.078574219,35.32979809,14.11769531,73.0403399
0,12.9036698,5.333764339,4.473046875,4.078574219,35.38822042,14.11769531,73.05850109
0,12.88476915,5.316383199,4.473046875,4.078574219,35.44664274,14.11769531,73.07665744
0,12.8658685,5.299049365,4.473046875,4.078574219,35.50506507,14.11769531,73.09480765
0,12.84696785,5.281762839,4.473046875,4.078574219,35.5634874,14.11769531,73.1129505
0,12.8280672,5.264523621,4.473046875,4.078574219,35.62190972,14.11769531,73.13108508
0,12.80916656,5.24733171,4.473046875,4.078574219,35.68033205,14.11769531,73.14920939
0,12.79026591,5.230187106,4.473046875,4.078574219,35.73875438,14.11769531,73.16732481
1,4.598401748,2.004427599,2.323173828,1.371552734,64.43610447,4.604570313,83.19120325
1,4.599013646,2.004585092,2.323173828,1.371552734,64.43566512,4.604570313,83.18900437
1,4.599625544,2.004742567,2.323173828,1.371552734,64.43522577,4.604570313,83.18681708
1,4.600237441,2.004900024,2.323173828,1.371552734,64.43478642,4.604570313,83.18464185
1,4.600849339,2.005057462,2.323173828,1.371552734,64.43434707,4.604570313,83.1824773
1,4.601461237,2.005214883,2.323173828,1.371552734,64.43390772,4.604570313,83.18032225
1,4.602073134,2.005372285,2.323173828,1.371552734,64.43346837,4.604570313,83.17817695
1,4.602685032,2.005529668,2.323173828,1.371552734,64.43302902,4.604570313,83.1760415
1,4.603296929,2.005687034,2.323173828,1.371552734,64.43258967,4.604570313,83.17391588
1,4.603908827,2.005844381,2.323173828,1.371552734,64.43215032,4.604570313,83.17180054
1,4.604520725,2.00600171,2.323173828,1.371552734,64.43171097,4.604570313,83.16969415
1,4.605132622,2.006159021,2.323173828,1.371552734,64.43127162,4.604570313,83.16759475
1,4.60574452,2.006316313,2.323173828,1.371552734,64.43083227,4.604570313,83.16550202
1,4.606356418,2.006473587,2.323173828,1.371552734,64.43039293,4.604570313,83.16341524
1,4.606968315,2.006630843,2.323173828,1.371552734,64.42995358,4.604570313,83.16133487
1,4.607580213,2.006788081,2.323173828,1.371552734,64.42951423,4.604570313,83.15926252
1,4.60819211,2.0069453,2.323173828,1.371552734,64.42907488,4.604570313,83.15719815
1,4.608804008,2.007102501,2.323173828,1.371552734,64.42863553,4.604570313,83.15514214
1,4.609415906,2.007259684,2.323173828,1.371552734,64.42819618,4.604570313,83.15309473
1,4.610027803,2.007416849,2.323173828,1.371552734,64.42775683,4.604570313,83.1510555
1,4.610639701,2.007573995,2.323173828,1.371552734,64.42731748,4.604570313,83.14902536
1,4.611251599,2.007731123,2.323173828,1.371552734,64.42687813,4.604570313,83.1470053
1,4.611863496,2.007888233,2.323173828,1.371552734,64.42643878,4.604570313,83.14499381
1,4.612475394,2.008045324,2.323173828,1.371552734,64.42599943,4.604570313,83.14298887
1,4.613087291,2.008202397,2.323173828,1.371552734,64.42556008,4.604570313,83.14098962
1,4.613699189,2.008359452,2.323173828,1.371552734,64.42512073,4.604570313,83.13899427
1,4.614311087,2.008516489,2.323173828,1.371552734,64.42468138,4.604570313,83.13700322
1,4.614922984,2.008673508,2.323173828,1.371552734,64.42424203,4.604570313,83.13501799
1,4.615534882,2.008830508,2.323173828,1.371552734,64.42380268,4.604570313,83.13303734
1,4.616146779,2.00898749,2.323173828,1.371552734,64.42336333,4.604570313,83.13106052
1,4.616758677,2.009144453,2.323173828,1.371552734,64.42292398,4.604570313,83.12908839
1,4.617370575,2.009301399,2.323173828,1.371552734,64.42248463,4.604570313,83.12712149
1,4.617982472,2.009458326,2.323173828,1.371552734,64.42204528,4.604570313,83.12516069
1,4.61859437,2.009615235,2.323173828,1.371552734,64.42160593,4.604570313,83.12320754
1,4.619206268,2.009772125,2.323173828,1.371552734,64.42116658,4.604570313,83.12126143
1,4.619818165,2.009928997,2.323173828,1.371552734,64.42072723,4.604570313,83.11932121
1,4.620430063,2.010085852,2.323173828,1.371552734,64.42028788,4.604570313,83.11738772
1,4.62104196,2.010242687,2.323173828,1.371552734,64.41984853,4.604570313,83.11546128
1,4.621653858,2.010399505,2.323173828,1.371552734,64.41940918,4.604570313,83.11354195
1,4.622265756,2.010556304,2.323173828,1.371552734,64.41896983,4.604570313,83.11163028
1,4.622877653,2.010713085,2.323173828,1.371552734,64.41853048,4.604570313,83.10972611
1,4.623489551,2.010869848,2.323173828,1.371552734,64.41809113,4.604570313,83.10782911
1,4.624101449,2.011026592,2.323173828,1.371552734,64.41765178,4.604570313,83.10594018
1,4.624713346,2.011183318,2.323173828,1.371552734,64.41721243,4.604570313,83.10406034
1,4.625325244,2.011340026,2.323173828,1.371552734,64.41677308,4.604570313,83.10218997
1,4.625937141,2.011496716,2.323173828,1.371552734,64.41633373,4.604570313,83.10032978
1,4.626549039,2.011653387,2.323173828,1.371552734,64.41589438,4.604570313,83.0984785
1,4.627160937,2.01181004,2.323173828,1.371552734,64.41545503,4.604570313,83.09663388
1,4.627772834,2.011966675,2.323173828,1.371552734,64.41501568,4.604570313,83.09479525
1,4.628384732,2.012123292,2.323173828,1.371552734,64.41457633,4.604570313,83.09296123
1,4.62899663,2.01227989,2.323173828,1.371552734,64.41413698,4.604570313,83.09113139
1,4.629608527,2.01243647,2.323173828,1.371552734,64.41369763,4.604570313,83.08930618
1,4.630220425,2.012593032,2.323173828,1.371552734,64.41325828,4.604570313,83.08748393
1,4.630832322,2.012749576,2.323173828,1.371552734,64.41281893,4.604570313,83.0856631
1,4.63144422,2.012906101,2.323173828,1.371552734,64.41237958,4.604570313,83.08384467
1,4.632056118,2.013062608,2.323173828,1.371552734,64.41194023,4.604570313,83.08202989
1,4.632668015,2.013219097,2.323173828,1.371552734,64.41150088,4.604570313,83.08021918
1,4.633279913,2.013375567,2.323173828,1.371552734,64.41106153,4.604570313,83.0784139
1,4.633891811,2.013532019,2.323173828,1.371552734,64.41062218,4.604570313,83.07661282
1,4.634503708,2.013688453,2.323173828,1.371552734,64.41018283,4.604570313,83.07481362
1,4.635115606,2.013844869,2.323173828,1.371552734,64.40974348,4.604570313,83.07301681
1,4.635727503,2.014001266,2.323173828,1.371552734,64.40930413,4.604570313,83.07122235
1,4.636339401,2.014157645,2.323173828,1.371552734,64.40886478,4.604570313,83.06943089
1,4.636951299,2.014314006,2.323173828,1.371552734,64.40842543,4.604570313,83.06764443
1,4.637563196,2.014470349,2.323173828,1.371552734,64.40798608,4.604570313,83.06586317
1,4.638175094,2.014626673,2.323173828,1.371552734,64.40754673,4.604570313,83.06408756
1,4.638786992,2.014782979,2.323173828,1.371552734,64.40710738,4.604570313,83.06231874
1,4.639398889,2.014939267,2.323173828,1.371552734,64.40666803,4.604570313,83.06055735
1,4.640010787,2.015095537,2.323173828,1.371552734,64.40622868,4.604570313,83.05880483
1,4.640622684,2.015251788,2.323173828,1.371552734,64.40578933,4.604570313,83.05706292
1,4.641234582,2.015408021,2.323173828,1.371552734,64.40534998,4.604570313,83.05533074
1,4.64184648,2.015564236,2.323173828,1.371552734,64.40491063,4.604570313,83.05360678
1,4.642458377,2.015720432,2.323173828,1.371552734,64.40447128,4.604570313,83.05189106
1,4.643070275,2.01587661,2.323173828,1.371552734,64.40403193,4.604570313,83.05018273
1,4.643682172,2.01603277,2.323173828,1.371552734,64.40359258,4.604570313,83.04848292
1,4.64429407,2.016188912,2.323173828,1.371552734,64.40315323,4.604570313,83.04679398
1,4.644905968,2.016345035,2.323173828,1.371552734,64.40271388,4.604570313,83.04511555
1,4.645517865,2.01650114,2.323173828,1.371552734,64.40227453,4.604570313,83.04344772
1,4.646129763,2.016657227,2.323173828,1.371552734,64.40183519,4.604570313,83.04179091
1,4.646741661,2.016813296,2.323173828,1.371552734,64.40139584,4.604570313,83.04014463
1,4.647353558,2.016969346,2.323173828,1.371552734,64.40095649,4.604570313,83.03850951
1,4.647965456,2.017125378,2.323173828,1.371552734,64.40051714,4.604570313,83.03688627
1,4.648577353,2.017281392,2.323173828,1.371552734,64.40007779,4.604570313,83.03527452
1,4.649189251,2.017437388,2.323173828,1.371552734,64.39963844,4.604570313,83.03367395
1,4.649801149,2.017593365,2.323173828,1.371552734,64.39919909,4.604570313,83.0320845
1,4.650413046,2.017749324,2.323173828,1.371552734,64.39875974,4.604570313,83.0305058
1,4.651024944,2.017905265,2.323173828,1.371552734,64.39832039,4.604570313,83.02893905
1,4.651636842,2.018061187,2.323173828,1.371552734,64.39788104,4.604570313,83.02738615
1,4.652248739,2.018217092,2.323173828,1.371552734,64.39744169,4.604570313,83.0258477
1,4.652860637,2.018372977,2.323173828,1.371552734,64.39700234,4.604570313,83.02432488
1,4.653472534,2.018528845,2.323173828,1.371552734,64.39656299,4.604570313,83.02281798
1,4.654084432,2.018684695,2.323173828,1.371552734,64.39612364,4.604570313,83.02132656
1,4.65469633,2.018840526,2.323173828,1.371552734,64.39568429,4.604570313,83.01985178
1,4.655308227,2.018996339,2.323173828,1.371552734,64.39524494,4.604570313,83.01839463
1,4.655920125,2.019152133,2.323173828,1.371552734,64.39480559,4.604570313,83.0169537
1,4.656532023,2.01930791,2.323173828,1.371552734,64.39436624,4.604570313,83.01552721
1,4.65714392,2.019463668,2.323173828,1.371552734,64.39392689,4.604570313,83.01411406
1,4.657755818,2.019619408,2.323173828,1.371552734,64.39348754,4.604570313,83.01271225
1,4.658367715,2.019775129,2.323173828,1.371552734,64.39304819,4.604570313,83.01132189
1,4.658979613,2.019930832,2.323173828,1.371552734,64.39260884,4.604570313,83.00994404
1,4.659591511,2.020086517,2.323173828,1.371552734,64.39216949,4.604570313,83.00857699
1,4.660203408,2.020242184,2.323173828,1.371552734,64.39173014,4.604570313,83.00721944
1,4.660815306,2.020397833,2.323173828,1.371552734,64.39129079,4.604570313,83.00587185
1,4.661427204,2.020553463,2.323173828,1.371552734,64.39085144,4.604570313,83.0045344
1,4.662039101,2.020709075,2.323173828,1.371552734,64.39041209,4.604570313,83.00320731
1,4.662650999,2.020864669,2.323173828,1.371552734,64.38997274,4.604570313,83.00189149
1,4.663262896,2.021020244,2.323173828,1.371552734,64.38953339,4.604570313,83.00058533
1,4.663874794,2.021175801,2.323173828,1.371552734,64.38909404,4.604570313,82.99928646
1,4.664486692,2.02133134,2.323173828,1.371552734,64.38865469,4.604570313,82.99799468
1,4.665098589,2.021486861,2.323173828,1.371552734,64.38821534,4.604570313,82.99670919
1,4.665710487,2.021642363,2.323173828,1.371552734,64.38777599,4.604570313,82.99543115
1,4.666322384,2.021797847,2.323173828,1.371552734,64.38733664,4.604570313,82.99416328
1,4.666934282,2.021953313,2.323173828,1.371552734,64.38689729,4.604570313,82.99290595
1,4.66754618,2.022108761,2.323173828,1.371552734,64.38645794,4.604570313,82.99166027
1,4.668158077,2.02226419,2.323173828,1.371552734,64.38601859,4.604570313,82.99042692
1,4.668769975,2.022419601,2.323173828,1.371552734,64.38557924,4.604570313,82.98920563
1,4.669381873,2.022574994,2.323173828,1.371552734,64.38513989,4.604570313,82.98799822
1,4.66999377,2.022730368,2.323173828,1.371552734,64.38470054,4.604570313,82.98680659
1,4.670605668,2.022885725,2.323173828,1.371552734,64.38426119,4.604570313,82.98562905
1,4.671217565,2.023041063,2.323173828,1.371552734,64.38382184,4.604570313,82.98446333
1,4.671829463,2.023196382,2.323173828,1.371552734,64.38338249,4.604570313,82.98330866
1,4.672441361,2.023351684,2.323173828,1.371552734,64.38294314,4.604570313,82.98216302
1,4.673053258,2.023506967,2.323173828,1.371552734,64.38250379,4.604570313,82.98102761
1,4.673665156,2.023662232,2.323173828,1.371552734,64.38206444,4.604570313,82.97990517
1,4.674277054,2.023817479,2.323173828,1.371552734,64.38162509,4.604570313,82.97879458
1,4.674888951,2.023972707,2.323173828,1.371552734,64.38118574,4.604570313,82.9776954
1,4.675500849,2.024127917,2.323173828,1.371552734,64.38074639,4.604570313,82.97660822
1,4.676112746,2.024283109,2.323173828,1.371552734,64.38030704,4.604570313,82.9755326
1,4.676724644,2.024438282,2.323173828,1.371552734,64.37986769,4.604570313,82.97446938
1,4.677336542,2.024593438,2.323173828,1.371552734,64.37942834,4.604570313,82.9734198
1,4.677948439,2.024748575,2.323173828,1.371552734,64.37898899,4.604570313,82.97238294
1,4.678560337,2.024903694,2.323173828,1.371552734,64.37854964,4.604570313,82.97135771
1,4.679172235,2.025058794,2.323173828,1.371552734,64.37811029,4.604570313,82.97034421
1,4.679784132,2.025213876,2.323173828,1.371552734,64.37767094,4.604570313,82.96934202
1,4.68039603,2.02536894,2.323173828,1.371552734,64.37723159,4.604570313,82.96835189
1,4.681007927,2.025523986,2.323173828,1.371552734,64.37679224,4.604570313,82.96737543
1,4.681619825,2.025679014,2.323173828,1.371552734,64.37635289,4.604570313,82.96641275
1,4.682231723,2.025834023,2.323173828,1.371552734,64.37591354,4.604570313,82.96546433
1,4.68284362,2.025989014,2.323173828,1.371552734,64.37547419,4.604570313,82.96453056
1,4.683455518,2.026143986,2.323173828,1.371552734,64.37503484,4.604570313,82.96361124
1,4.684067416,2.026298941,2.323173828,1.371552734,64.37459549,4.604570313,82.96270718
1,4.684679313,2.026453877,2.323173828,1.371552734,64.37415614,4.604570313,82.96181922
1,4.685291211,2.026608795,2.323173828,1.371552734,64.37371679,4.604570313,82.96094643
1,4.685903108,2.026763694,2.323173828,1.371552734,64.37327744,4.604570313,82.9600876
1,4.686515006,2.026918576,2.323173828,1.371552734,64.3728381,4.604570313,82.95924218
1,4.687126904,2.027073439,2.323173828,1.371552734,64.37239875,4.604570313,82.95840902
1,4.687738801,2.027228284,2.323173828,1.371552734,64.3719594,4.604570313,82.95758834
1,4.688350699,2.02738311,2.323173828,1.371552734,64.37152005,4.604570313,82.95678104
1,4.688962597,2.027537919,2.323173828,1.371552734,64.3710807,4.604570313,82.95598619
1,4.689574494,2.027692709,2.323173828,1.371552734,64.37064135,4.604570313,82.95520314
1,4.690186392,2.02784748,2.323173828,1.371552734,64.370202,4.604570313,82.95443238
1,4.690798289,2.028002234,2.323173828,1.371552734,64.36976265,4.604570313,82.95367424
1,4.691410187,2.028156969,2.323173828,1.371552734,64.3693233,4.604570313,82.95292909
1,4.692022085,2.028311686,2.323173828,1.371552734,64.36888395,4.604570313,82.95219777
1,4.692633982,2.028466385,2.323173828,1.371552734,64.3684446,4.604570313,82.95147956
1,4.69324588,2.028621065,2.323173828,1.371552734,64.36800525,4.604570313,82.95077326
1,4.693857777,2.028775727,2.323173828,1.371552734,64.3675659,4.604570313,82.95007909
1,4.694469675,2.028930371,2.323173828,1.371552734,64.36712655,4.604570313,82.94939686
1,4.695081573,2.029084997,2.323173828,1.371552734,64.3666872,4.604570313,82.94872714
1,4.69569347,2.029239604,2.323173828,1.371552734,64.36624785,4.604570313,82.94807126
1,4.696305368,2.029394193,2.323173828,1.371552734,64.3658085,4.604570313,82.9474294
1,4.696917266,2.029548764,2.323173828,1.371552734,64.36536915,4.604570313,82.94680198
1,4.697529163,2.029703317,2.323173828,1.371552734,64.3649298,4.604570313,82.94618958
1,4.698141061,2.029857851,2.323173828,1.371552734,64.36449045,4.604570313,82.94559239
1,4.698752958,2.030012367,2.323173828,1.371552734,64.3640511,4.604570313,82.94501131
1,4.699364856,2.030166865,2.323173828,1.371552734,64.36361175,4.604570313,82.94444735
1,4.699976754,2.030321344,2.323173828,1.371552734,64.3631724,4.604570313,82.9439
1,4.700588651,2.030475805,2.323173828,1.371552734,64.36273305,4.604570313,82.94336844
1,4.701200549,2.030630248,2.323173828,1.371552734,64.3622937,4.604570313,82.94285262
1,4.701812447,2.030784673,2.323173828,1.371552734,64.36185435,4.604570313,82.94235199
1,4.702424344,2.030939079,2.323173828,1.371552734,64.361415,4.604570313,82.94186721
1,4.703036242,2.031093468,2.323173828,1.371552734,64.36097565,4.604570313,82.94139964
1,4.703648139,2.031247837,2.323173828,1.371552734,64.3605363,4.604570313,82.94094906
1,4.704260037,2.031402189,2.323173828,1.371552734,64.36009695,4.604570313,82.94051552
1,4.704871935,2.031556522,2.323173828,1.371552734,64.3596576,4.604570313,82.94009921
1,4.705483832,2.031710838,2.323173828,1.371552734,64.35921825,4.604570313,82.93969981
1,4.70609573,2.031865134,2.323173828,1.371552734,64.3587789,4.604570313,82.93931766
1,4.706707628,2.032019413,2.323173828,1.371552734,64.35833955,4.604570313,82.93895315
1,4.707319525,2.032173673,2.323173828,1.371552734,64.3579002,4.604570313,82.93860601
1,4.707931423,2.032327915,2.323173828,1.371552734,64.35746085,4.604570313,82.93827603
1,4.70854332,2.032482139,2.323173828,1.371552734,64.3570215,4.604570313,82.93796312
1,4.709155218,2.032636345,2.323173828,1.371552734,64.35658215,4.604570313,82.93766702
1,4.709767116,2.032790532,2.323173828,1.371552734,64.3561428,4.604570313,82.93738834
1,4.710379013,2.032944701,2.323173828,1.371552734,64.35570345,4.604570313,82.93712807
1,4.710990911,2.033098852,2.323173828,1.371552734,64.3552641,4.604570313,82.93688649
1,4.711602809,2.033252984,2.323173828,1.371552734,64.35482475,4.604570313,82.93666416
1,4.712214706,2.033407098,2.323173828,1.371552734,64.3543854,4.604570313,82.93646118
1,4.712826604,2.033561194,2.323173828,1.371552734,64.35394605,4.604570313,82.93627722
1,4.713438501,2.033715272,2.323173828,1.371552734,64.3535067,4.604570313,82.93611285
1,4.714050399,2.033869331,2.323173828,1.371552734,64.35306735,4.604570313,82.93596852
1,4.714662297,2.034023372,2.323173828,1.371552734,64.352628,4.604570313,82.93584356
1,4.715274194,2.034177395,2.323173828,1.371552734,64.35218865,4.604570313,82.93573714
1,4.715886092,2.0343314,2.323173828,1.371552734,64.3517493,4.604570313,82.93564874
1,4.71649799,2.034485386,2.323173828,1.371552734,64.35130995,4.604570313,82.93557738
1,4.717109887,2.034639354,2.323173828,1.371552734,64.3508706,4.604570313,82.93552314
1,4.717721785,2.034793304,2.323173828,1.371552734,64.35043125,4.604570313,82.9354865
1,4.718333682,2.034947235,2.323173828,1.371552734,64.3499919,4.604570313,82.93546667
1,4.71894558,2.035101149,2.323173828,1.371552734,64.34955255,4.604570313,82.93546306
1,4.719557478,2.035255044,2.323173828,1.371552734,64.3491132,4.604570313,82.9354758
1,4.720169375,2.03540892,2.323173828,1.371552734,64.34867385,4.604570313,82.93550487
1,4.720781273,2.035562779,2.323173828,1.371552734,64.3482345,4.604570313,82.93555031
1,4.72139317,2.035716619,2.323173828,1.371552734,64.34779515,4.604570313,82.93561246
1,4.722005068,2.035870441,2.323173828,1.371552734,64.3473558,4.604570313,82.93569055
1,4.722616966,2.036024244,2.323173828,1.371552734,64.34691645,4.604570313,82.93578348
1,4.723228863,2.03617803,2.323173828,1.371552734,64.3464771,4.604570313,82.93589108
1,4.723840761,2.036331797,2.323173828,1.371552734,64.34603775,4.604570313,82.93601291
1,4.724452659,2.036485546,2.323173828,1.371552734,64.3455984,4.604570313,82.9361494
1,4.725064556,2.036639276,2.323173828,1.371552734,64.34515905,4.604570313,82.9363017
1,4.725676454,2.036792989,2.323173828,1.371552734,64.3447197,4.604570313,82.93646988
1,4.726288351,2.036946683,2.323173828,1.371552734,64.34428036,4.604570313,82.93665435
1,4.726900249,2.037100359,2.323173828,1.371552734,64.34384101,4.604570313,82.93685531
1,4.727512147,2.037254016,2.323173828,1.371552734,64.34340166,4.604570313,82.93707252
1,4.728124044,2.037407655,2.323173828,1.371552734,64.34296231,4.604570313,82.93730668
1,4.728735942,2.037561276,2.323173828,1.371552734,64.34252296,4.604570313,82.93755852
1,4.72934784,2.037714879,2.323173828,1.371552734,64.34208361,4.604570313,82.9378272
1,4.729959737,2.037868464,2.323173828,1.371552734,64.34164426,4.604570313,82.9381116
1,4.730571635,2.03802203,2.323173828,1.371552734,64.34120491,4.604570313,82.93841129
1,4.731183532,2.038175578,2.323173828,1.371552734,64.34076556,4.604570313,82.93872525
1,4.73179543,2.038329107,2.323173828,1.371552734,64.34032621,4.604570313,82.93905387
1,4.732407328,2.038482619,2.323173828,1.371552734,64.33988686,4.604570313,82.93939824
1,4.733019225,2.038636112,2.323173828,1.371552734,64.33944751,4.604570313,82.93975773
1,4.733631123,2.038789587,2.323173828,1.371552734,64.33900816,4.604570313,82.94013203
1,4.734243021,2.038943044,2.323173828,1.371552734,64.33856881,4.604570313,82.94052159
1,4.734854918,2.039096482,2.323173828,1.371552734,64.33812946,4.604570313,82.94092657
1,4.735466816,2.039249902,2.323173828,1.371552734,64.33769011,4.604570313,82.94134749
1,4.736078713,2.039403304,2.323173828,1.371552734,64.33725076,4.604570313,82.9417852
1,4.736690611,2.039556687,2.323173828,1.371552734,64.33681141,4.604570313,82.94223935
1,4.737302509,2.039710053,2.323173828,1.371552734,64.33637206,4.604570313,82.94270936
1,4.737914406,2.0398634,2.323173828,1.371552734,64.33593271,4.604570313,82.9431956
1,4.738526304,2.040016728,2.323173828,1.371552734,64.33549336,4.604570313,82.94369819
1,4.739138202,2.040170039,2.323173828,1.371552734,64.33505401,4.604570313,82.94421731
1,4.739750099,2.040323331,2.323173828,1.371552734,64.33461466,4.604570313,82.94475348
1,4.740361997,2.040476605,2.323173828,1.371552734,64.33417531,4.604570313,82.94530671
1,4.740973894,2.040629861,2.323173828,1.371552734,64.33373596,4.604570313,82.94587699
1,4.741585792,2.040783098,2.323173828,1.371552734,64.33329661,4.604570313,82.94646479
1,4.74219769,2.040936317,2.323173828,1.371552734,64.33285726,4.604570313,82.94707052
1,4.742809587,2.041089518,2.323173828,1.371552734,64.33241791,4.604570313,82.94769452
1,4.743421485,2.041242701,2.323173828,1.371552734,64.33197856,4.604570313,82.94833724
1,4.744033383,2.041395865,2.323173828,1.371552734,64.33153921,4.604570313,82.94899809
1,4.74464528,2.041549011,2.323173828,1.371552734,64.33109986,4.604570313,82.94967602
1,4.745257178,2.041702139,2.323173828,1.371552734,64.33066051,4.604570313,82.95037073
1,4.745869075,2.041855249,2.323173828,1.371552734,64.33022116,4.604570313,82.95108154
1,4.746480973,2.04200834,2.323173828,1.371552734,64.32978181,4.604570313,82.95180837
1,4.747092871,2.042161413,2.323173828,1.371552734,64.32934246,4.604570313,82.9525516
1,4.747704768,2.042314468,2.323173828,1.371552734,64.32890311,4.604570313,82.95331047
1,4.748316666,2.042467504,2.323173828,1.371552734,64.32846376,4.604570313,82.95408431
1,4.748928563,2.042620522,2.323173828,1.371552734,64.32802441,4.604570313,82.95487367
1,4.749540461,2.042773522,2.323173828,1.371552734,64.32758506,4.604570313,82.95567913
1,4.750152359,2.042926504,2.323173828,1.371552734,64.32714571,4.604570313,82.95650099
1,4.750764256,2.043079468,2.323173828,1.371552734,64.32670636,4.604570313,82.95733998
1,4.751376154,2.043232413,2.323173828,1.371552734,64.32626701,4.604570313,82.95819556
1,4.751988052,2.04338534,2.323173828,1.371552734,64.32582766,4.604570313,82.95906667
1,4.752599949,2.043538248,2.323173828,1.371552734,64.32538831,4.604570313,82.95995363
1,4.753211847,2.043691139,2.323173828,1.371552734,64.32494896,4.604570313,82.96085644
1,4.753823744,2.043844011,2.323173828,1.371552734,64.32450961,4.604570313,82.96177549
1,4.754435642,2.043996865,2.323173828,1.371552734,64.32407026,4.604570313,82.96271183
1,4.75504754,2.0441497,2.323173828,1.371552734,64.32363091,4.604570313,82.96366561
1,4.755659437,2.044302517,2.323173828,1.371552734,64.32319156,4.604570313,82.96463714
1,4.756271335,2.044455317,2.323173828,1.371552734,64.32275221,4.604570313,82.96562699
1,4.756883233,2.044608097,2.323173828,1.371552734,64.32231286,4.604570313,82.96663553
1,4.75749513,2.04476086,2.323173828,1.371552734,64.32187351,4.604570313,82.96766351
1,4.758107028,2.044913604,2.323173828,1.371552734,64.32143416,4.604570313,82.96871182
1,4.758718925,2.04506633,2.323173828,1.371552734,64.32099481,4.604570313,82.96978011
1,4.759330823,2.045219038,2.323173828,1.371552734,64.32055546,4.604570313,82.97086773
1,4.759942721,2.045371727,2.323173828,1.371552734,64.32011611,4.604570313,82.97197472
1,4.760554618,2.045524398,2.323173828,1.371552734,64.31967676,4.604570313,82.97310076
1,4.761166516,2.045677051,2.323173828,1.371552734,64.31923741,4.604570313,82.97424644
1,4.761778414,2.045829686,2.323173828,1.371552734,64.31879806,4.604570313,82.97541295
1,4.762390311,2.045982302,2.323173828,1.371552734,64.31835871,4.604570313,82.97660017
1,4.763002209,2.0461349,2.323173828,1.371552734,64.31791936,4.604570313,82.97780822
1,4.763614106,2.04628748,2.323173828,1.371552734,64.31748001,4.604570313,82.97903737
1,4.764226004,2.046440042,2.323173828,1.371552734,64.31704066,4.604570313,82.98028749
1,4.764837902,2.046592585,2.323173828,1.371552734,64.31660131,4.604570313,82.98155895
1,4.765449799,2.04674511,2.323173828,1.371552734,64.31616196,4.604570313,82.98285218
1,4.766061697,2.046897617,2.323173828,1.371552734,64.31572261,4.604570313,82.98416708
1,4.766673595,2.047050106,2.323173828,1.371552734,64.31528327,4.604570313,82.98550356
1,4.767285492,2.047202576,2.323173828,1.371552734,64.31484392,4.604570313,82.98686168
1,4.76789739,2.047355028,2.323173828,1.371552734,64.31440457,4.604570313,82.98824135
1,4.768509287,2.047507462,2.323173828,1.371552734,64.31396522,4.604570313,82.98964321
1,4.769121185,2.047659877,2.323173828,1.371552734,64.31352587,4.604570313,82.99106821
1,4.769733083,2.047812274,2.323173828,1.371552734,64.31308652,4.604570313,82.99251672
1,4.77034498,2.047964653,2.323173828,1.371552734,64.31264717,4.604570313,82.99398934
1,4.770956878,2.048117014,2.323173828,1.371552734,64.31220782,4.604570313,82.9954863
1,4.771568776,2.048269356,2.323173828,1.371552734,64.31176847,4.604570313,82.99700749
1,4.772180673,2.04842168,2.323173828,1.371552734,64.31132912,4.604570313,82.99855353
1,4.772792571,2.048573986,2.323173828,1.371552734,64.31088977,4.604570313,83.00012497
1,4.773404468,2.048726274,2.323173828,1.371552734,64.31045042,4.604570313,83.00172128
1,4.774016366,2.048878543,2.323173828,1.371552734,64.31001107,4.604570313,83.00334175
1,4.774628264,2.049030794,2.323173828,1.371552734,64.30957172,4.604570313,83.00498601
1,4.775240161,2.049183027,2.323173828,1.371552734,64.30913237,4.604570313,83.00665326
1,4.775852059,2.049335242,2.323173828,1.371552734,64.30869302,4.604570313,83.00834366
1,4.776463956,2.049487438,2.323173828,1.371552734,64.30825367,4.604570313,83.01005781
1,4.777075854,2.049639616,2.323173828,1.371552734,64.30781432,4.604570313,83.01179503
1,4.777687752,2.049791776,2.323173828,1.371552734,64.30737497,4.604570313,83.01355488
1,4.778299649,2.049943917,2.323173828,1.371552734,64.30693562,4.604570313,83.01533765
1,4.778911547,2.05009604,2.323173828,1.371552734,64.30649627,4.604570313,83.01714354
1,4.779523445,2.050248145,2.323173828,1.371552734,64.30605692,4.604570313,83.01897275
1,4.780135342,2.050400232,2.323173828,1.371552734,64.30561757,4.604570313,83.02082579
1,4.78074724,2.0505523,2.323173828,1.371552734,64.30517822,4.604570313,83.02270208
1,4.781359137,2.05070435,2.323173828,1.371552734,64.30473887,4.604570313,83.02460066
1,4.781971035,2.050856382,2.323173828,1.371552734,64.30429952,4.604570313,83.02652158
1,4.782582933,2.051008396,2.323173828,1.371552734,64.30386017,4.604570313,83.02846458
1,4.78319483,2.051160391,2.323173828,1.371552734,64.30342082,4.604570313,83.0304303
1,4.783806728,2.051312368,2.323173828,1.371552734,64.30298147,4.604570313,83.03242005
1,4.784418626,2.051464327,2.323173828,1.371552734,64.30254212,4.604570313,83.03443411
1,4.785030523,2.051616268,2.323173828,1.371552734,64.30210277,4.604570313,83.03647307
1,4.785642421,2.05176819,2.323173828,1.371552734,64.30166342,4.604570313,83.03853736
1,4.786254318,2.051920094,2.323173828,1.371552734,64.30122407,4.604570313,83.04062699
1,4.786866216,2.05207198,2.323173828,1.371552734,64.30078472,4.604570313,83.04274286
1,4.787478114,2.052223847,2.323173828,1.371552734,64.30034537,4.604570313,83.04488594
1,4.788090011,2.052375697,2.323173828,1.371552734,64.29990602,4.604570313,83.04705561
1,4.788701909,2.052527527,2.323173828,1.371552734,64.29946667,4.604570313,83.04925099
1,4.789313807,2.05267934,2.323173828,1.371552734,64.29902732,4.604570313,83.05147188
1,4.789925704,2.052831135,2.323173828,1.371552734,64.29858797,4.604570313,83.05371751
1,4.790537602,2.052982911,2.323173828,1.371552734,64.29814862,4.604570313,83.05598853
